offer_id,product_id,price,old_price,min_price,currency_code,auto_action_enabled
"EP5447/90",6029615698,"1160","1249","1129","USD",false
"NA550/00",6029756418,"1160","1249","1129","USD",false
"NA552/00",6033020018,"1160","1249","1129","USD",false
"NA555/00",6033067485,"1160","1249","1129","USD",false
"NA460/00",6033132365,"1160","1249","1129","USD",false
"NA462/70",6033149311,"1160","1249","1129","USD",false
"NA229/00",6033208399,"1160","1249","1129","USD",false
"NA230/00",6033256088,"1160","1249","1129","USD",false
"NA320/00",6033340060,"1160","1249","1129","USD",false
"NA330/00",6033390540,"1160","1249","1129","USD",false
"NA340/00",6033426335,"1160","1249","1129","USD",false
"NA350/00",6033465980,"1160","1249","1129","USD",false
"NA350/03",6033488722,"1160","1249","1129","USD",false
"NA352/00",6033508650,"1160","1249","1129","USD",false
"NA353/10",6033542394,"1160","1249","1129","USD",false
"NA154/00",6033566604,"1160","1249","1129","USD",false
"EY2458",6033593542,"699","749","689","USD",false
"EY145A",6033602574,"699","749","689","USD",false
"EY831GE0",6033739472,"1160","1249","1129","USD",false
"EY8558E0",6033781667,"999","1149","989","USD",false
"FW4018E0",6033809271,"1160","1249","1129","USD",false
"EY9018",6033881982,"999","1149","989","USD",false
"EY7528E0",6033986066,"1160","1249","1129","USD",false
"EY756HE0",6033995155,"1160","1249","1129","USD",false
"EY9228",6034006146,"1160","1249","1129","USD",false
"EY8018",6034039182,"1160","1249","1129","USD",false
"AF170EU",6034060194,"1160","1249","1129","USD",false
"AF180EUCP",6034069990,"1160","1249","1129","USD",false
"SL451EUSD",6034093270,"1160","1249","1129","USD",false
"SL400EUCP",6034115622,"1160","1249","1129","USD",false
"FN101EUGY",6034149552,"1160","1249","1129","USD",false
"FN103EUGN",6034219128,"1160","1249","1129","USD",false
"FN101EUSG",6034681598,"1160","1249","1129","USD",false
"FN101EUSTGD",6035062219,"1160","1249","1129","USD",false
"FN102EU",6035170167,"1160","1249","1129","USD",false
"TB401EU",6035208888,"1160","1249","1129","USD",false
"Philips PSG6022/20",6035389139,"1160","1249","1129","USD",false
"Philips PSG7300/80",6035481482,"1160","1249","1129","USD",false
"Philips GC7844/20",6035497828,"1160","1249","1129","USD",false
"Philips PSG6064/80",6035497996,"1160","1249","1129","USD",false
"PSG3000/20",6035930484,"699","749","689","USD",false
"GV9567",6042921534,"1160","1249","1129","USD",false
"PSG8200/80",6042952261,"1160","1249","1129","USD",false
"PSG7200/60",6042986990,"1160","1249","1129","USD",false
"DST8030/70",6043112774,"710","816","653","USD",false
"DST8050/20",6043133223,"868","998","799","USD",false
"FV9844",6043312531,"710","816","653","USD",false
"DST7020/20",6043428785,"699","749","689","USD",false
"FV9E50E0",6045477636,"710","816","653","USD",false
"NA540/00",6045543439,"1160","1249","1129","USD",false
"EP3347/90",6045610934,"1160","1249","1129","USD",false
"EP2333/40",6045680834,"1160","1249","1129","USD",false
"EP5546/70",6046414656,"1160","1249","1129","USD",false
"EP2330/10",6046481794,"1160","1249","1129","USD",false
"EP5544/50",6046501680,"1160","1249","1129","USD",false
"ECAM22.110.B",6046522020,"1160","1249","1129","USD",false
"ECAM11.112.B",6046546897,"1160","1249","1129","USD",false
"ECAM230.13.B",6046562034,"1160","1249","1129","USD",false
"ECAM292.33.SB",6046638134,"1160","1249","1129","USD",false
"EP2220/10",6046670465,"1160","1249","1129","USD",false
"ECAM292.81.B",6046753078,"1160","1249","1129","USD",false
"ECAM292.52.GB",6046892860,"1160","1249","1129","USD",false
"ECAM292.81.SB",6046962741,"1160","1249","1129","USD",false
"EP3326/90",6047006428,"1160","1249","1129","USD",false
"BC151EUBK",6047082959,"499","549","489","USD",false
"KT201EUSTGD",6047119736,"999","1149","989","USD",false
"KT201EU",6047173982,"699","749","689","USD",false
"KT200EU",6047181364,"999","1149","989","USD",false
"JC151EU",6047628865,"999","1149","989","USD",false
"0644416030",6048807898,"499","549","489","USD",false
"MAFD661B0",6062473958,"1160","1249","1129","USD",false
"Profi 28 cm (0794689991)",6063701742,"499","549","489","USD",false
"11.2000.9002",6063701743,"999","1149","989","USD",false
"1871556030",6063701773,"199","249","189","USD",false
"18.7920.6100",6063701794,"199","249","189","USD",false
"11.2091.6040",6063701826,"699","749","689","USD",false
"Profi 24 cm",6063701827,"499","549","489","USD",false
"0733556040",6064148891,"999","1149","989","USD",false
"18.7670.9990",6064148898,"499","549","489","USD",false
"0761406380",6064148904,"499","549","489","USD",false
"18.7332.9990",6064148905,"199","249","189","USD",false
"06.4689.9990",6064148916,"199","249","189","USD",false
"0617706040",6064148939,"199","249","189","USD",false
"0416950071",6064148943,"199","249","189","USD",false
"12.7291.9991",6064148949,"699","749","689","USD",false
"0733706299",6064148955,"699","749","689","USD",false
"1871016030",6064148956,"55","63","51","USD",false
"0658776040",6064148962,"23","26","21","USD",false
"18.7998.4500",6064148967,"177","204","163","USD",false
"0741426040",6064148999,"499","549","489","USD",false
"0760556380",6064149009,"1160","1249","1129","USD",false
"0580774291",6064153080,"499","549","489","USD",false
"0413020012",6064153109,"499","549","489","USD",false
"WMF Function Bowls Rührschüssel Edelstahl mit Deck",6064170158,"499","549","489","USD",false
"WMF Nuova Salatbesteck Edelstahl 25 cm, klein, Sal",6064172774,"199","249","189","USD",false
"18.7108.6030",6064172779,"199","249","189","USD",false
"WMF Nuova Kuchenheber Tortenheber Edelstahl 23 cm,",6064172786,"199","249","189","USD",false
"Profi Resist 28 cm",6064172860,"699","749","689","USD",false
"QP2824/31",6064334492,"499","549","489","USD",false
"MG9561/30",6064334545,"699","749","689","USD",false
"HS9980/15",6064334555,"699","749","689","USD",false
"MG7962/30",6064334557,"699","749","689","USD",false
"STH3020/10",6064334559,"499","549","489","USD",false
"BRI951/00",6064334565,"499","549","489","USD",false
"HX6068/88",6064334566,"171","197","157","USD",false
"Philips Sonicare DiamondClean Prestige 9900 elektr",6064334583,"645","722","613","USD",false
"QP1924/30",6064334596,"499","549","489","USD",false
"GC026/80",6064334602,"50","57","46","USD",false
"QP6552/30",6064334641,"499","549","489","USD",false
"QP2834/31",6064334647,"499","549","489","USD",false
"Philips Sonicare DiamondClean 9000",6064334685,"670","750","637","USD",false
"HX7101/01",6064334694,"499","549","489","USD",false
"CA6903/22",6064334697,"199","249","189","USD",false
"MG9556/15",6064334708,"699","749","689","USD",false
"BRR454/00",6064334710,"199","249","189","USD",false
"HX9911/89",6064334731,"627","702","596","USD",false
"CA6903/10",6064334748,"199","249","189","USD",false
"QP440/50",6064334755,"176","202","162","USD",false
"QP6652/35",6064334757,"699","749","689","USD",false
"HX3826/33",6064334797,"699","749","689","USD",false
"HD9350/90",6064334802,"499","549","489","USD",false
"AC3210/12",6064334804,"1160","1249","1129","USD",false
"S7887/35",6064334811,"1160","1249","1129","USD",false
"BHD510/20",6064334851,"499","549","489","USD",false
"TT2000/43",6064334859,"136","156","125","USD",false
"BRI955/00",6064334861,"1160","1249","1129","USD",false
"AC0651/10",6064334866,"699","749","689","USD",false
"AC4221/11",6064334869,"1160","1249","1129","USD",false
"HX6064/88",6064334873,"144","166","132","USD",false
"BRI946/00",6064334880,"1160","1249","1129","USD",false
"STH3010/70",6064334884,"499","549","489","USD",false
"QP6652/30",6064334901,"699","749","689","USD",false
"BRI921/00",6064334909,"1160","1249","1129","USD",false
"AWP175/10",6064334923,"199","249","189","USD",false
"HX3675/13",6064334929,"318","366","293","USD",false
"BRI949/00",6064334943,"499","549","489","USD",false
"MG7931/15",6064334962,"499","549","489","USD",false
"NT5650/16",6064334975,"199","249","189","USD",false
"HX9046/87",6064334980,"197","227","181","USD",false
"Philips Water Ersatzfilter für Wasserdispenser mit",6064335018,"199","249","189","USD",false
"XP9204/10",6064335026,"1160","1249","1129","USD",false
"XP9405/31",6064335040,"1160","1249","1129","USD",false
"S3145/00",6064335042,"499","549","489","USD",false
"SCY933/02",6064335045,"199","249","189","USD",false
"HX7110/01",6064335048,"344","396","316","USD",false
"BG7485/30",6064335053,"699","749","689","USD",false
"XP9404/31",6064335076,"1160","1249","1129","USD",false
"HX9046/88",6064335099,"197","227","181","USD",false
"MG1100/16",6064335102,"199","249","189","USD",false
"AC0951/13",6064335104,"1160","1249","1129","USD",false
"QP4631/65",6064335105,"499","549","489","USD",false
"SCD657/11",6064335106,"171","197","157","USD",false
"MG7961/15",6064335107,"699","749","689","USD",false
"AWP1775CH/10",6064335108,"199","249","189","USD",false
"XB9154/09",6064335110,"1160","1249","1129","USD",false
"FC9745/09",6064335112,"1160","1249","1129","USD",false
"HX9914/57",6064335113,"659","738","626","USD",false
"S5465/18",6064335115,"699","749","689","USD",false
"Philips HC5630/15",6064335119,"499","549","489","USD",false
"SH91/50",6064335123,"166","191","153","USD",false
"FC8021/03",6064335128,"199","249","189","USD",false
"HX6034/90",6064335143,"95","109","87","USD",false
"BRI957/00",6064335162,"1160","1249","1129","USD",false
"XP9205/30",6064335166,"1160","1249","1129","USD",false
"SCF293/00",6064335169,"699","749","689","USD",false
"Tefal OptiGrill GC705D",6064529736,"699","749","689","USD",false
"L897SK04",6064529738,"1160","1249","1129","USD",false
"E304S344",6064529743,"699","749","689","USD",false
"Tefal Duetto 3-teiliges Pfannenset 20,24 und 28cm,",6064529777,"499","549","489","USD",false
"E3040644",6064529778,"499","549","489","USD",false
"C38806",6064529785,"199","249","189","USD",false
"L828SB04",6064529832,"699","749","689","USD",false
"K13304",6064529838,"199","249","189","USD",false
"B5550633",6064529879,"199","249","189","USD",false
"L966S344",6064529885,"499","549","489","USD",false
"Duetto Plus G719S734",6064529889,"699","749","689","USD",false
"Tefal Duetto Topfset Induktion 9-teilig, robuster",6064529899,"699","749","689","USD",false
"GV9225",6064529902,"1160","1249","1129","USD",false
"C26732",6064529925,"499","549","489","USD",false
"CY7548",6064529934,"699","749","689","USD",false
"GC722D16",6064529939,"1160","1249","1129","USD",false
"SW854D",6064529945,"699","749","689","USD",false
"C38804",6064529972,"199","249","189","USD",false
"Tefal Ingenio Comfort Max 4-tlg. Pfannen-Set, unve",6064529973,"699","749","689","USD",false
"L39593",6064529992,"1160","1249","1129","USD",false
"L827SB04",6064529997,"1160","1249","1129","USD",false
"Tefal Virtuoso 2-teiliges Pfannenset 24 + 28 cm, P",6064530040,"499","549","489","USD",false
"L8974S45",6064530041,"699","749","689","USD",false
"L898S3",6064530061,"699","749","689","USD",false
"D52602",6064530110,"199","249","189","USD",false
"Tefal Ingenio Easy On 13-teiliges Topf und Pfannen",6064530130,"1160","1249","1129","USD",false
"FR8040",6064530145,"435","500","400","USD",false
"H81506",6064530221,"499","549","489","USD",false
"GC712D12",6064530242,"999","1149","989","USD",false
"L3959143",6064530270,"699","749","689","USD",false
"Tefal OptiGrill Elite XL Kontaktgrill, automatisch",6064530273,"1160","1249","1129","USD",false
"L72390",6064530281,"499","549","489","USD",false
"K23209",6064530296,"199","249","189","USD",false
"G726S204",6064530302,"499","549","489","USD",false
"Tefal EverSharp Pro 5-teiliges Messer-Set mit selb",6064530319,"1160","1249","1129","USD",false
"Tefal Explore Stone G7 Pfannen-Set 24/28 cm, Antih",6064530346,"699","749","689","USD",false
"L15992",6064530377,"499","549","489","USD",false
"P2530738",6064530414,"499","549","489","USD",false
"Tefal KO6931 Sense Wasserkocher, 1,5 L Kapazität,",6064530417,"499","549","489","USD",false
"DT6130",6064530440,"499","549","489","USD",false
"G25991",6064530459,"999","1149","989","USD",false
"GV9550",6064530482,"1160","1249","1129","USD",false
"C38504",6064530503,"199","249","189","USD",false
"FV6842",6064530505,"499","549","489","USD",false
"L98491",6064530514,"499","549","489","USD",false
"8523.31",6064530528,"499","549","489","USD",false
"GC760D12",6064530529,"1160","1249","1129","USD",false
"SV6115",6064530531,"699","749","689","USD",false
"Tefal Snack Collection SW8674F0",6064530542,"699","749","689","USD",false
"GC750D16",6064530570,"1160","1249","1129","USD",false
"IG8024E0",6064530596,"1160","1249","1129","USD",false
"SV8152",6064530616,"1160","1249","1129","USD",false
"DT2022",6064530630,"199","249","189","USD",false
"KI1R0DE0",6064530655,"199","249","189","USD",false
"Jamie Oliver Cook's Classics 28 см E3060635",6064530662,"499","549","489","USD",false
"G0229032",6064530688,"699","749","689","USD",false
"DT9810",6064530692,"699","749","689","USD",false
"BL771BF0",6064530710,"699","749","689","USD",false
"L1509202",6064530713,"499","549","489","USD",false
"FV6846",6064530726,"499","549","489","USD",false
"BC50U0V0",6064530734,"164","189","151","USD",false
"XA8103F0",6064530800,"199","249","189","USD",false
"Tefal Ingenio L897SJ04",6064530802,"1160","1249","1129","USD",false
"JF4031E0",6064530803,"499","549","489","USD",false
"BI8125",6064530823,"499","549","489","USD",false
"K122S2",6064530836,"199","249","189","USD",false
"L7239143",6064530845,"699","749","689","USD",false
"G713SB74",6064530865,"999","1149","989","USD",false
"G7260244",6064530871,"199","249","189","USD",false
"Tefal Ice Force Messerblock aus Holz, 5 Messer, Br",6064530887,"499","549","489","USD",false
"XA7248",6064530895,"499","549","489","USD",false
"BL19H4F0",6064530909,"699","749","689","USD",false
"FV1710",6064530933,"199","249","189","USD",false
"DT3041E1",6064530948,"499","549","489","USD",false
"GV9810",6064530951,"1160","1249","1129","USD",false
"GC271810",6064530984,"499","549","489","USD",false
"Tefal Crêpe-Pfanne, Aluminium, Schwarz, 25 cm (ohn",6064531000,"499","549","489","USD",false
"PF240E",6064531015,"699","749","689","USD",false
"A705A8",6064531073,"1160","1249","1129","USD",false
"K267S556",6064531076,"699","749","689","USD",false
"E21872",6064531096,"1160","1249","1129","USD",false
"FR3140",6064531098,"441","507","406","USD",false
"FF1078",6064531101,"499","549","489","USD",false
"C38506",6064531139,"499","549","489","USD",false
"XA7278",6064531147,"499","549","489","USD",false
"E24906",6064531149,"499","549","489","USD",false
"FV2838",6064531151,"499","549","489","USD",false
"G720S674",6064531184,"999","1149","989","USD",false
"Tefal Duetto On Bratpfanne 28 cm, Go Ceram keramis",6064531203,"499","549","489","USD",false
"GC510DE0",6064531208,"699","749","689","USD",false
"K1984634",6064531218,"199","249","189","USD",false
"C27802",6064531252,"499","549","489","USD",false
"FV5716E0",6064531254,"499","549","489","USD",false
"Tefal XL Force Bratpfanne 32 cm extragroß, Antihaf",6064531270,"199","249","189","USD",false
"CERA BRIGHT ON 7tlg.",6064531287,"1160","1249","1129","USD",false
"FC9332/09",6085180141,"699","749","689","USD",false
"DiamondClean 9900 Prestige",6085180152,"1248","1498","0","USD",false
"XP9401/38",6085180182,"1160","1249","1129","USD",false
"HX6018/87",6085180191,"134","154","123","USD",false
"HX7119/01",6085180213,"638","734","587","USD",false
"HX9096/88",6085180231,"189","212","180","USD",false
"HX6064/87",6085180325,"120","138","110","USD",false
"Philips Sonicare Power Flosser 3000, Munddusche mi",6085180346,"699","749","689","USD",false
"X3001/00",6085180353,"499","549","489","USD",false
"JC302/50",6085180355,"199","249","189","USD",false
"HC9450/20",6085180360,"699","749","689","USD",false
"S7886/55",6085180393,"1160","1249","1129","USD",false
"HX9992/11",6085180399,"696","835","0","USD",false
"Philips Water Wasserfilterkanne +6 Geschmack+ Ersa",6085180405,"199","249","189","USD",false
"PHILIPS AquaTrio Nass-Trockensauger 9000 Serie, Sc",6085180415,"1160","1249","1129","USD",false
"QC5115/15",6085180440,"199","249","189","USD",false
"FC8010/02",6085180448,"199","249","189","USD",false
"HX7429/01",6085180455,"713","856","0","USD",false
"HX9044/88",6085180466,"182","209","167","USD",false
"MG3946/15",6085180505,"499","549","489","USD",false
"GC9642/60",6085180506,"1160","1249","1129","USD",false
"QP430/60",6085180623,"157","181","144","USD",false
"Philips Sonicare DiamondClean Smart 9400",6085180648,"499","549","489","USD",false
"HF3531/01",6085180652,"999","1149","989","USD",false
"GC7844/20",6085180657,"999","1149","989","USD",false
"HS5980/15",6085180663,"699","749","689","USD",false
"FY2401/30",6085180715,"199","249","189","USD",false
"Philips Sonicare DiamondClean 9900 Prestige",6085180725,"820","984","0","USD",false
"STH7020/20",6085180744,"699","749","689","USD",false
"BT7670/15",6085180755,"699","749","689","USD",false
"HC7650/15",6085180785,"499","549","489","USD",false
"QP2724/31",6085180791,"499","549","489","USD",false
"CX3550/01",6085180830,"999","1149","989","USD",false
"BRL149/00",6085180864,"499","549","489","USD",false
"MG3930/15",6085180869,"499","549","489","USD",false
"CSA210/60",6085180902,"499","549","489","USD",false
"HD2350/80",6085180931,"499","549","489","USD",false
"HR1921/20",6085180974,"1160","1249","1129","USD",false
"HU5600/03",6085180977,"999","1149","989","USD",false
"BRL159/00",6085180979,"499","549","489","USD",false
"Philips Quick Clean Reinigungskartusche (Modell CC",6085181036,"199","249","189","USD",false
"X5004/00",6085181040,"699","749","689","USD",false
"HX4072/42",6085181045,"344","396","316","USD",false
"HP8280/00",6085181097,"499","549","489","USD",false
"Philips Sonicare S2 Sensitive, Original Ersatzbürs",6085181133,"122","140","112","USD",false
"BRE257/00",6085181137,"499","549","489","USD",false
"SCD923/26",6085181156,"891","1069","0","USD",false
"HX4021/01",6085181159,"499","549","489","USD",false
"TAR3306/12",6085181168,"499","549","489","USD",false
"XD3110/09",6085181174,"699","749","689","USD",false
"HX9911/94",6085181183,"657","756","604","USD",false
"HD5416/60",6085181243,"699","749","689","USD",false
"HD2581/90",6085181249,"499","549","489","USD",false
"HX3886/43",6085181291,"934","1046","887","USD",false
"X9000/10",6085181304,"1160","1249","1129","USD",false
"PHILIPS Senseo Switch Pad- und Filterkaffeemaschin",6085181317,"699","749","689","USD",false
"STH5030/80",6085181366,"499","549","489","USD",false
"DST7040/80",6085181444,"699","749","689","USD",false
"BHD500/20",6085181455,"499","549","489","USD",false
"Philips DryCare Pro Haartrockner mit leistungsstar",6085181500,"499","549","489","USD",false
"PHILIPS Senseo Maestro Kaffeepadmaschine, Schwarz,",6085181507,"699","749","689","USD",false
"HP6341/00",6085181530,"199","249","189","USD",false
"BHB878/00",6085181542,"699","749","689","USD",false
"AC2210/10",6085181603,"1160","1249","1129","USD",false
"ADD6921DG/10",6085181616,"879","984","835","USD",false
"ADD912",6085181623,"199","249","189","USD",false
"HC3530/15",6085181662,"499","549","489","USD",false
"HR2291/41",6085181714,"499","549","489","USD",false
"BHD837/10",6085181724,"1160","1249","1129","USD",false
"HX6352/42",6085181787,"499","549","489","USD",false
"HX4044/52",6085181794,"499","549","489","USD",false
"AIS8530/20",6085181797,"1160","1249","1129","USD",false
"XP9207/30",6085181821,"1160","1249","1129","USD",false
"HX3603/01",6085181830,"499","549","489","USD",false
"S3241/12",6085181855,"699","749","689","USD",false
"Philips Shaver 5000 – Elektrischer Rasierer für He",6085181903,"999","1149","989","USD",false
"QP1324/30",6085181911,"499","549","489","USD",false
"BT3619/15",6085181968,"499","549","489","USD",false
"HX9914/54",6085181975,"647","725","615","USD",false
"BHS732/00",6085181981,"499","549","489","USD",false
"S5887/13",6085182010,"999","1149","989","USD",false
"ASH138/10",6085182014,"499","549","489","USD",false
"PSA3228/41",6085182116,"1160","1249","1129","USD",false
"AWP230P6/31",6085182150,"499","549","489","USD",false
"HX6044/90",6085182168,"96","110","88","USD",false
"HX7400/02",6085182207,"609","700","560","USD",false
"BHB968/10",6085182240,"1160","1249","1129","USD",false
"CX5120/11",6085182243,"699","749","689","USD",false
"BRL129/00",6085182259,"499","549","489","USD",false
"XP9404/38",6086078382,"1160","1249","1129","USD",false
"XP9402/46",6086116937,"1160","1249","1129","USD",false
"COSORI Turbo Tower Pro Smart Airfryer, 10,8L Keram",6115611853,"1160","1249","1129","USD",false
"CAF-R901-AEU",6115611893,"999","1149","989","USD",false
"Cosori Airfryer, neue Generation 2026, Chip Testsi",6115611894,"1160","1249","1129","USD",false
"Cosori Airfryer, Dual Blaze Twinfry, Flexiblen Kam",6115611903,"1160","1249","1129","USD",false
"CAF-DC113S-ADE",6115611904,"1160","1249","1129","USD",false
"CAF-DC601-KEU",6115611938,"1160","1249","1129","USD",false
"Cosori Airfryer, mit Sichtfenster, 12-in-1 6,2L He",6115611939,"699","749","689","USD",false
"CAF-P583S-AEUR",6115611959,"999","1149","989","USD",false
"TurboBlaze 6.0L (CAF-DC601-WEU)",6115611965,"999","1149","989","USD",false
"CP158-AF-RXB",6115611973,"699","749","689","USD",false
"CAF-TF801-CEUR",6115611976,"1160","1249","1129","USD",false
"CNS-R101S",6115612012,"166","191","153","USD",false
"CMC-CO601-SEU",6115612015,"999","1149","989","USD",false
"CEK-S152-VEU",6115612025,"499","549","489","USD",false
"CAF-SE601S-CEU",6115612031,"1160","1249","1129","USD",false
"Dual Blaze TwinFry CAF-TF101S 10L",6115612042,"1160","1249","1129","USD",false
"CP267-FD-RXS",6115612045,"1160","1249","1129","USD",false
"CRC-R501-KEU",6115612053,"699","749","689","USD",false
"CP158-AF-RXW",6115612100,"699","749","689","USD",false
"CAF-L501-GEU",6115612115,"699","749","689","USD",false